"","eta_fix","eta_cond","log2mic","uplog2mic","midpoints"
"eta_fix",1,0.984644477518394,0.423637210399326,0.515772018628581,0.501911580647923
"eta_cond",0.984644477518394,1,0.447074200222365,0.539357137949759,0.527056876497802
"log2mic",0.423637210399326,0.447074200222365,1,0.764024548944738,0.932073300801681
"uplog2mic",0.515772018628581,0.539357137949759,0.764024548944738,1,0.941835168438031
"midpoints",0.501911580647923,0.527056876497802,0.932073300801681,0.941835168438031,1
