"","eta_fix","eta_cond","log2mic","uplog2mic","midpoints"
"eta_fix",1,0.993639460870684,0.69104959783938,0.814594165195456,0.786612773057723
"eta_cond",0.993639460870684,1,0.711883048935281,0.831216334726144,0.806139469936538
"log2mic",0.69104959783938,0.711883048935281,1,0.843906553953565,0.955083770471027
"uplog2mic",0.814594165195456,0.831216334726144,0.843906553953565,1,0.963358586200996
"midpoints",0.786612773057723,0.806139469936538,0.955083770471027,0.963358586200996,1
