"","eta_fix","eta_cond","log2mic","uplog2mic","midpoints"
"eta_fix",1,0.97296230033642,0.277047250946513,0.673667106532608,0.495222236419563
"eta_cond",0.97296230033642,1,0.318172230884883,0.700843765968356,0.539525728692407
"log2mic",0.277047250946513,0.318172230884883,1,0.510451814665482,0.895271192026441
"uplog2mic",0.673667106532608,0.700843765968356,0.510451814665482,1,0.814399361014532
"midpoints",0.495222236419563,0.539525728692407,0.895271192026441,0.814399361014532,1
