"","eta_fix","eta_cond","log2mic","uplog2mic","midpoints"
"eta_fix",1,0.790331723411091,0.190562031207002,0.198653809068454,0.211150735759168
"eta_cond",0.790331723411091,1,0.335310905478954,0.395842817840995,0.387176843867262
"log2mic",0.190562031207002,0.335310905478954,1,0.646356223416687,0.960387495919783
"uplog2mic",0.198653809068454,0.395842817840995,0.646356223416687,1,0.821265244562281
"midpoints",0.211150735759168,0.387176843867262,0.960387495919783,0.821265244562281,1
