"","eta_fix","eta_cond","log2mic","uplog2mic","midpoints"
"eta_fix",1,0.893427342073604,0.374155924022243,0.508704709538578,0.481275946544176
"eta_cond",0.893427342073604,1,0.487831958352828,0.614072771821739,0.598185469282297
"log2mic",0.374155924022243,0.487831958352828,1,0.756132951986322,0.909766232948625
"uplog2mic",0.508704709538578,0.614072771821739,0.756132951986322,1,0.955977241576311
"midpoints",0.481275946544176,0.598185469282297,0.909766232948625,0.955977241576311,1
