"","eta_fix","eta_cond","log2mic","uplog2mic","midpoints"
"eta_fix",1,0.985631253945994,0.536389227891033,0.533466641960027,0.576632844416727
"eta_cond",0.985631253945994,1,0.567074675806179,0.551831176048133,0.601735013809257
"log2mic",0.536389227891033,0.567074675806179,1,0.719645856916633,0.891292116678876
"uplog2mic",0.533466641960027,0.551831176048133,0.719645856916633,1,0.951521184540278
"midpoints",0.576632844416727,0.601735013809257,0.891292116678876,0.951521184540278,1
