"","eta_fix","eta_cond","log2mic","uplog2mic","midpoints"
"eta_fix",1,0.95434196653336,0.442546996709199,0.715778703808706,0.617637762375042
"eta_cond",0.95434196653336,1,0.509813790108516,0.742378448496737,0.674800637251417
"log2mic",0.442546996709199,0.509813790108516,1,0.646632275635045,0.92034329628557
"uplog2mic",0.715778703808706,0.742378448496737,0.646632275635045,1,0.882127776635315
"midpoints",0.617637762375042,0.674800637251417,0.92034329628557,0.882127776635315,1
