"","eta_fix","eta_cond","log2mic","uplog2mic","midpoints"
"eta_fix",1,0.987329730809633,0.44370177942283,0.529858093699078,0.520197597992764
"eta_cond",0.987329730809633,1,0.462896186411361,0.54913258029166,0.540760938090429
"log2mic",0.44370177942283,0.462896186411361,1,0.764024548944738,0.932073300801681
"uplog2mic",0.529858093699078,0.54913258029166,0.764024548944738,1,0.941835168438031
"midpoints",0.520197597992764,0.540760938090429,0.932073300801681,0.941835168438031,1
