"","eta_fix","eta_cond","log2mic","uplog2mic","midpoints"
"eta_fix",1,0.882562286245849,0.11338242974167,0.138739633629458,0.134568050938002
"eta_cond",0.882562286245849,1,0.195148553772395,0.223140504568851,0.227661838256089
"log2mic",0.11338242974167,0.195148553772395,1,0.469386893781486,0.966011487423318
"uplog2mic",0.138739633629458,0.223140504568851,0.469386893781486,1,0.652327531936302
"midpoints",0.134568050938002,0.227661838256089,0.966011487423318,0.652327531936302,1
