"","eta_fix","eta_cond","log2mic","uplog2mic","midpoints"
"eta_fix",1,0.760066903593225,0.107027201723566,0.154469084581269,0.137178847538476
"eta_cond",0.760066903593225,1,0.257330026067015,0.310069548689968,0.299496402211696
"log2mic",0.107027201723566,0.257330026067015,1,0.792804642676953,0.945207559068453
"uplog2mic",0.154469084581269,0.310069548689968,0.792804642676953,1,0.94518821879986
"midpoints",0.137178847538476,0.299496402211696,0.945207559068453,0.94518821879986,1
