"","eta_fix","eta_cond","log2mic","uplog2mic","midpoints"
"eta_fix",1,0.908497485718478,0.400738600482185,0.530917776522137,0.507208022071241
"eta_cond",0.908497485718478,1,0.5025353672458,0.625100369909926,0.61171865664953
"log2mic",0.400738600482185,0.5025353672458,1,0.756132951986322,0.909766232948625
"uplog2mic",0.530917776522137,0.625100369909926,0.756132951986322,1,0.955977241576311
"midpoints",0.507208022071241,0.61171865664953,0.909766232948625,0.955977241576311,1
