"","eta_fix","eta_cond","log2mic","uplog2mic","midpoints"
"eta_fix",1,0.971586749590751,0.457784222381222,0.542792841407377,0.541546606285441
"eta_cond",0.971586749590751,1,0.4918016868312,0.581957403768082,0.581163698648604
"log2mic",0.457784222381222,0.4918016868312,1,0.719996511333387,0.920011005197223
"uplog2mic",0.542792841407377,0.581957403768082,0.719996511333387,1,0.928408227521383
"midpoints",0.541546606285441,0.581163698648604,0.920011005197223,0.928408227521383,1
