"","eta_fix","eta_cond","log2mic","uplog2mic","midpoints"
"eta_fix",1,0.991414490888944,0.570427134199806,0.549637843786981,0.601741322097153
"eta_cond",0.991414490888944,1,0.588804555660563,0.559719860195123,0.616152348866999
"log2mic",0.570427134199806,0.588804555660563,1,0.719645856916633,0.891292116678876
"uplog2mic",0.549637843786981,0.559719860195123,0.719645856916633,1,0.951521184540278
"midpoints",0.601741322097153,0.616152348866999,0.891292116678876,0.951521184540278,1
