"","eta_fix","eta_cond","log2mic","uplog2mic","midpoints"
"eta_fix",1,0.938453913310783,0.313087526356136,0.237738377527486,0.32983183750471
"eta_cond",0.938453913310783,1,0.379018792902886,0.291379584338576,0.400771737082644
"log2mic",0.313087526356136,0.379018792902886,1,0.49976388639229,0.937802185197128
"uplog2mic",0.237738377527486,0.291379584338576,0.49976388639229,1,0.741307716320171
"midpoints",0.32983183750471,0.400771737082644,0.937802185197128,0.741307716320171,1
