"","eta_fix","eta_cond","log2mic","uplog2mic","midpoints"
"eta_fix",1,0.984090832360198,0.710890843507434,0.704802377610524,0.762409723742449
"eta_cond",0.984090832360198,1,0.756714269734943,0.746567765478238,0.809446188001831
"log2mic",0.710890843507434,0.756714269734943,1,0.73228690766676,0.918260133914176
"uplog2mic",0.704802377610524,0.746567765478238,0.73228690766676,1,0.936920786667399
"midpoints",0.762409723742449,0.809446188001831,0.918260133914176,0.936920786667399,1
