"","eta_fix","eta_cond","log2mic","uplog2mic","midpoints"
"eta_fix",1,0.994791253966105,0.850948806665901,0.843290099590524,0.85943571383959
"eta_cond",0.994791253966105,1,0.865408456359331,0.855948338469776,0.87319984130429
"log2mic",0.850948806665901,0.865408456359331,1,0.943678425970537,0.986055134329032
"uplog2mic",0.843290099590524,0.855948338469776,0.943678425970537,1,0.985371963267638
"midpoints",0.85943571383959,0.87319984130429,0.986055134329032,0.985371963267638,1
