"","eta_fix","eta_cond","log2mic","uplog2mic","midpoints"
"eta_fix",1,0.975521419966424,0.474431521239294,0.550906649850099,0.555018730661592
"eta_cond",0.975521419966424,1,0.502396924060938,0.585101507901877,0.588657639597252
"log2mic",0.474431521239294,0.502396924060938,1,0.719996511333387,0.920011005197223
"uplog2mic",0.550906649850099,0.585101507901877,0.719996511333387,1,0.928408227521383
"midpoints",0.555018730661592,0.588657639597252,0.920011005197223,0.928408227521383,1
