"","eta_fix","eta_cond","log2mic","uplog2mic","midpoints"
"eta_fix",1,0.9740035878726,0.287391222585002,0.666992885847837,0.501023100620015
"eta_cond",0.9740035878726,1,0.327281391273411,0.694690115516832,0.54428561499059
"log2mic",0.287391222585002,0.327281391273411,1,0.510451814665482,0.895271192026441
"uplog2mic",0.666992885847837,0.694690115516832,0.510451814665482,1,0.814399361014532
"midpoints",0.501023100620015,0.54428561499059,0.895271192026441,0.814399361014532,1
