"","eta_fix","eta_cond","log2mic","uplog2mic","midpoints"
"eta_fix",1,0.986088873368437,0.71796542009364,0.712937872591832,0.770641415614332
"eta_cond",0.986088873368437,1,0.758861639630671,0.750748815369506,0.812929484863905
"log2mic",0.71796542009364,0.758861639630671,1,0.73228690766676,0.918260133914176
"uplog2mic",0.712937872591832,0.750748815369506,0.73228690766676,1,0.936920786667399
"midpoints",0.770641415614332,0.812929484863905,0.918260133914176,0.936920786667399,1
